Date,Website,Ad Provider Account,Ad Size,Ad Tag Id,Ad Tag,Tag Type,Impressions,Revenue (USD),eCpm (USD),Admeld Impressions,Passbacks,Order Id,Custom Field
2011-10-20,msposrxshb.com,MediaMath (RTB),728x90,5695500,Buy Tag - name(MediaMath 728x90) size(728x90) site(1242),RTB,2,0,0.21,2,0,,
2011-10-20,rfgkvfknom.com,The Trade Desk (RTB),300x250,2851100,Buy Tag - name(Trade Desk 300x250) size(300x250) site(1250),RTB,1,0,0.18,1,0,,
2011-10-20,axxiuzsydh.com,Yahoo RTB (RTB),300x250,15457564,Buy Tag - name(Yahoo 300x250) size(300x250) site(1237),RTB,50,0.02,0.46,50,0,,
2011-10-20,wgrwijbosb.com,DataXu (RTB),728x90,4668253,Buy Tag - name(DataXu 728x90) size(728x90) site(1248),RTB,1,0,0.39,1,0,,
2011-10-20,jeepknkhlv.com,CPM Only (AEM),728x90,14989213,Buy Tag - name(aa_CPMonly_US_RON_9.20.11_728) size(728x90) site(1230),AEM,1,0,0.13,1,0,,
2011-10-20,AEMdemo,Darriens network (AEM),160x600,15118797,Buy Tag - name(aa_Darriens_Sweden_RS_160) size(160x600) site(978),AEM,1268,0.11,0.09,1268,0,,
2011-10-20,itqmduyvkb.com,ValueClick RTB (RTB),728x90,10906446,Buy Tag - name(ValueClick RTB 728x90) size(728x90) site(1232),RTB,1,0,0.06,1,0,,
2011-10-20,jeepknkhlv.com,Banner Connect (AEM),728x90,16845743,Buy Tag - name(aa_BannerConnect_US_APNBackfill_728x90) size(728x90) site(1230),AEM,5,0,0.06,5,0,,
2011-10-20,AEM,Darriens network (AEM),160x600,15118992,Buy Tag - name(aa_Darriens_Sweden_RS_160) size(160x600) site(494),AEM,29,0,0.09,29,0,,
2011-10-20,jeepknkhlv.com,ValueClick RTB (RTB),300x250,10904912,Buy Tag - name(ValueClick RTB 300x250) size(300x250) site(1230),RTB,23,0.01,0.23,23,0,,
2011-10-20,axxiuzsydh.com,RadiumOne (RTB),728x90,11206304,Buy Tag - name(RadiumOne 728x90) size(728x90) site(1237),RTB,2,0,1.61,2,0,,
2011-10-20,AEM,DSNR (AEM),300x250,9592497,Buy Tag - name(aa_DSNR_IT_RevShare_6.14.11_300) size(300x250) site(494),AEM,3,0,0.05,3,0,,
2011-10-20,ghhiegwcqz.com,Yahoo RTB (RTB),728x90,15456641,Buy Tag - name(Yahoo 728x90) size(728x90) site(1239),RTB,6,0,0.42,6,0,,
2011-10-20,jeepknkhlv.com,ValueClick RTB (RTB),160x600,10903105,Buy Tag - name(ValueClick RTB 160x600) size(160x600) site(1230),RTB,5,0,0.09,5,0,,
2011-10-20,jeepknkhlv.com,Meta Network (AEM),300x250,10825378,Buy Tag - name(aa_MetaNetwork_US_Fixed_7.18.11_300x250) size(300x250) site(1230),AEM,2,0,0.05,2,0,,
2011-10-20,rfgkvfknom.com,Yahoo! Network (AEM),728x90,3085282,Buy Tag - name(yahoo_roam_12.23.10_728x90) size(728x90) site(1250),AEM,12,0,0.17,12,0,,
2011-10-20,ghhiegwcqz.com,Yahoo RTB (RTB),300x250,15452962,Buy Tag - name(Yahoo 300x250) size(300x250) site(1239),RTB,10,0,0.44,10,0,,
2011-10-20,gomez,Yahoo RTB (RTB),300x250,15453378,Buy Tag - name(Yahoo 300x250) size(300x250) site(427),RTB,208,0.16,0.79,208,0,,
2011-10-20,AEM,Microsoft France (AEM),160x600,6838707,Buy Tag - name(aa_MicrosoftFR_7030_160x600) size(160x600) site(494),AEM,1,0,0.41,1,0,,
2011-10-20,AEM,Darriens network (AEM),300x250,13334755,Buy Tag - name(aa_Darriens_US_RS_300) size(300x250) site(494),AEM,213,0.01,0.05,213,0,,
2011-10-20,itqmduyvkb.com,Yahoo RTB (RTB),728x90,15457396,Buy Tag - name(Yahoo 728x90) size(728x90) site(1232),RTB,3,0,0.25,3,0,,
2011-10-20,jeepknkhlv.com,Yahoo RTB (RTB),728x90,15458500,Buy Tag - name(Yahoo 728x90) size(728x90) site(1230),RTB,13,0,0.33,13,0,,
2011-10-20,AEM,Microsoft France (AEM),160x600,6828788,Buy Tag - name(aa_MicrosoftFR_5050_160x600) size(160x600) site(494),AEM,4,0,0.17,4,0,,
2011-10-20,rfgkvfknom.com,Yahoo RTB (RTB),728x90,15451909,Buy Tag - name(Yahoo 728x90) size(728x90) site(1250),RTB,1,0,0.11,1,0,,
2011-10-20,AEM,Microsoft France (AEM),300x250,17467013,Buy Tag - name(MicrosoftFR_ROW_300x250) size(300x250) site(494),AEM,7,0,0.22,7,0,,
2011-10-20,jhtayqlgcq.com,Rocket Fuel (RTB),300x250,11815926,Buy Tag - name(Rocket Fuel 300x250) size(300x250) site(1246),RTB,1,0,1.36,1,0,,
2011-10-20,dkchvzpvpi.com,Yahoo RTB (RTB),728x90,15457655,Buy Tag - name(Yahoo 728x90) size(728x90) site(1234),RTB,4,0,0.28,4,0,,
2011-10-20,axxiuzsydh.com,AdBlade (AEM),300x250,15188503,Buy Tag - name(Adblade_HoverTarget_300x250) size(300x250) site(1237),AEM,1,0,0.12,1,0,,
2011-10-20,ktflbecrqr.com,DSNR (AEM),300x250,10206860,Buy Tag - name(aa_DSNR_WW_RevShare_7.5.11_300) size(300x250) site(1241),AEM,2,0,0.01,2,0,,
2011-10-20,axxiuzsydh.com,Yahoo! Network (AEM),300x250,3085564,Buy Tag - name(yahoo_roam_12.23.10_300x250) size(300x250) site(1237),AEM,12,0,0.14,12,0,,
2011-10-20,axgdgcwyco.com,Yahoo RTB (RTB),300x250,15454284,Buy Tag - name(Yahoo 300x250) size(300x250) site(1238),RTB,29,0.01,0.35,29,0,,
2011-10-20,AEM,CPX Interactive (AEM),160x600,7736639,Buy Tag - name(cpx_kenya_roam_160x600) size(160x600) site(494),AEM,75,0.02,0.27,75,0,,
2011-10-20,xhgaeukjpk.com,MediaMath (RTB),728x90,5695535,Buy Tag - name(MediaMath 728x90) size(728x90) site(1240),RTB,3,0,0.56,3,0,,
2011-10-20,axxiuzsydh.com,Adnetik (RTB),300x250,2738911,Buy Tag - name(Adnetik 300x250) size(300x250) site(1237),RTB,2,0,1.2,2,0,,
2011-10-20,itqmduyvkb.com,AppNexus (RTB),728x90,3313584,Buy Tag - name(AppNexus 728x90) size(728x90) site(1232),RTB,2,0,0.22,2,0,,
2011-10-20,gomez,MediaMath (RTB),300x250,1866944,Buy Tag - name(MediaMath 300x250) size(300x250) site(427),RTB,323,0.1,0.31,323,0,,
2011-10-20,xhgaeukjpk.com,RadiumOne (AEM),300x250,3286128,Buy Tag - name(aa_R1_UM_Seg1_1.12.11_300) size(300x250) site(1240),AEM,1,0,1.49,1,0,,
2011-10-20,gomez,Brandscreen (RTB),300x250,2920321,Buy Tag - name(Brandscreen 300x250) size(300x250) site(427),RTB,14,0,0.15,14,0,,
2011-10-20,dkchvzpvpi.com,Yahoo! Network (AEM),728x90,3085265,Buy Tag - name(yahoo_roam_12.23.10_728x90) size(728x90) site(1234),AEM,24,0,0.18,24,0,,
2011-10-20,wgrwijbosb.com,Yahoo RTB (RTB),728x90,15456897,Buy Tag - name(Yahoo 728x90) size(728x90) site(1248),RTB,4,0,0.16,4,0,,
2011-10-20,rfgkvfknom.com,DataXu (RTB),728x90,4668210,Buy Tag - name(DataXu 728x90) size(728x90) site(1250),RTB,1,0,0.18,1,0,,
2011-10-20,msposrxshb.com,RadiumOne (AEM),728x90,3283970,Buy Tag - name(aa_R1_UM_Seg1_1.12.11_728) size(728x90) site(1242),AEM,1,0,1.49,1,0,,
2011-10-20,msposrxshb.com,ValueClick RTB (RTB),300x250,10904674,Buy Tag - name(ValueClick RTB 300x250) size(300x250) site(1242),RTB,17,0,0.19,17,0,,
2011-10-20,AEM,Matomy Media (AEM),728x90,17321539,Buy Tag - name(aa_Matomy_Tier1_RevShare_728) size(728x90) site(494),AEM,3,0,0.03,3,0,,
2011-10-20,ktflbecrqr.com,ValueClick RTB (RTB),300x250,10903907,Buy Tag - name(ValueClick RTB 300x250) size(300x250) site(1241),RTB,8,0,0.19,8,0,,
2011-10-20,msposrxshb.com,LucidMedia (RTB),300x250,3259764,Buy Tag - name(Lucid 300x250) size(300x250) site(1242),RTB,2,0,0.16,2,0,,
2011-10-20,jeepknkhlv.com,Yahoo! Network (AEM),160x600,3084516,Buy Tag - name(yahoo_roam_12.23.10_160x600) size(160x600) site(1230),AEM,2,0,0.18,2,0,,
2011-10-20,axgdgcwyco.com,Quantcast (RTB),300x250,5696965,Buy Tag - name(Quantcast 300x250) size(300x250) site(1238),RTB,3,0,0.75,3,0,,
2011-10-20,axgdgcwyco.com,DataXu (RTB),300x250,4667222,Buy Tag - name(DataXu 300x250) size(300x250) site(1238),RTB,7,0,0.25,7,0,,
2011-10-20,wgrwijbosb.com,Yahoo! Network (AEM),300x250,3085590,Buy Tag - name(yahoo_roam_12.23.10_300x250) size(300x250) site(1248),AEM,10,0,0.1,10,0,,
2011-10-20,AEM,aCerno (AEM),160x600,10675159,Buy Tag - name(aa_Acerno_PixelFree_Feed1_07.14.11_160) size(160x600) site(494),AEM,21,0.03,1.49,21,0,,
2011-10-20,gomez,Invite Media (RTB),300x250,395591,Buy Tag - name(Invite 300x250) size(300x250) site(427),RTB,110,0.03,0.26,110,0,,
2011-10-20,axxiuzsydh.com,LucidMedia (RTB),300x250,3259751,Buy Tag - name(Lucid 300x250) size(300x250) site(1237),RTB,3,0,0.86,3,0,,
2011-10-20,jeepknkhlv.com,Adorika AEM (AEM),300x250,13460903,Buy Tag - name(aa_Adorika_RevShare_RON2_9.1.11_300) size(300x250) site(1230),AEM,2,0,0.02,2,0,,
2011-10-20,wgrwijbosb.com,Criteo (RTB),300x250,4285768,Buy Tag - name(Criteo US 300x250) size(300x250) site(1248),RTB,3,0.01,1.79,3,0,,
2011-10-20,AEM,DSNR (AEM),160x600,17896152,Buy Tag - name(aa_DSNR_WW_RevShare3_10.19.11_160) size(160x600) site(494),AEM,1475,0.04,0.03,1475,0,,
2011-10-20,ghhiegwcqz.com,Quantcast (RTB),300x250,5696952,Buy Tag - name(Quantcast 300x250) size(300x250) site(1239),RTB,3,0,0.74,3,0,,
2011-10-20,wgrwijbosb.com,ZAP Trader (RTB),728x90,17170328,Buy Tag - name(ZAP Trader 728x90) size(728x90) site(1248),RTB,1,0,0.48,1,0,,
2011-10-20,msposrxshb.com,Yahoo! Network (AEM),300x250,3085577,Buy Tag - name(yahoo_roam_12.23.10_300x250) size(300x250) site(1242),AEM,11,0,0.1,11,0,,
2011-10-20,wgsdbvujia.com,Yahoo RTB (RTB),728x90,15455224,Buy Tag - name(Yahoo 728x90) size(728x90) site(1243),RTB,6,0,0.21,6,0,,
2011-10-20,axxiuzsydh.com,Yahoo! Network (AEM),728x90,3085260,Buy Tag - name(yahoo_roam_12.23.10_728x90) size(728x90) site(1237),AEM,6,0,0.13,6,0,,
2011-10-20,jeepknkhlv.com,BurstDirect (AEM),728x90,4413405,Buy Tag - name(Burst_RON_USMulti_2.23.11_728x90) size(728x90) site(1230),AEM,2,0,0.1,2,0,,
2011-10-20,wgsdbvujia.com,LucidMedia (RTB),728x90,3259837,Buy Tag - name(Lucid 728x90) size(728x90) site(1243),RTB,1,0,0.31,1,0,,
2011-10-20,gomez,Rocket Fuel (RTB),300x250,11817789,Buy Tag - name(Rocket Fuel 300x250) size(300x250) site(427),RTB,23,0,0.18,23,0,,
2011-10-20,demo.com,Criteo - RETARGETING TEST,728x90,21134,CRITEO RETARGETING TEST,Fixed,0,0,0,1,0,,
2011-10-20,AEMdemo,aCerno (AEM),728x90,10672398,Buy Tag - name(aa_Acerno_PixelFree_Feed1_07.14.11_728) size(728x90) site(978),AEM,1,0,1.49,1,0,,
2011-10-20,msposrxshb.com,DataXu (RTB),300x250,4667230,Buy Tag - name(DataXu 300x250) size(300x250) site(1242),RTB,6,0,0.19,6,0,,
2011-10-20,AEM,CPX Interactive (AEM),160x600,10668862,Buy Tag - name(cpx_MiddleEast_roam_160x600) size(160x600) site(494),AEM,354,0.05,0.15,354,0,,
2011-10-20,AEM,CPX Interactive (AEM),728x90,11282046,Buy Tag - name(cpx_Philippines_roam_728x90) size(728x90) site(494),AEM,2,0,0.1,2,0,,
2011-10-20,itqmduyvkb.com,Banner Connect (AEM),300x250,16844382,Buy Tag - name(aa_BannerConnect_US_APNBackfill_300x250) size(300x250) site(1232),AEM,4,0,0.03,4,0,,
2011-10-20,wgrwijbosb.com,CPM Only (AEM),728x90,14990751,Buy Tag - name(aa_CPMonly_US_RON_9.20.11_728) size(728x90) site(1248),AEM,5,0,0.15,5,0,,
2011-10-20,axxiuzsydh.com,RadiumOne (RTB),300x250,11202447,Buy Tag - name(RadiumOne 300x250) size(300x250) site(1237),RTB,3,0,1.23,3,0,,
2011-10-20,axxiuzsydh.com,Dotomi (RTB),300x250,5697360,Buy Tag - name(Dotomi 300x250) size(300x250) site(1237),RTB,4,0,1.14,4,0,,
2011-10-20,xhgaeukjpk.com,Quantcast (RTB),728x90,5697168,Buy Tag - name(Quancast 728x90) size(728x90) site(1240),RTB,4,0,1.02,4,0,,
2011-10-20,xhgaeukjpk.com,DataXu (RTB),300x250,4667217,Buy Tag - name(DataXu 300x250) size(300x250) site(1240),RTB,5,0,0.5,5,0,,
2011-10-20,ghhiegwcqz.com,AppNexus (RTB),300x250,3313761,Buy Tag - name(AppNexus 300x250) size(300x250) site(1239),RTB,1,0,0.18,1,0,,
2011-10-20,jeepknkhlv.com,CPM Only (AEM),300x250,14937009,Buy Tag - name(aa_CPMonly_US_RON_9.20.11_300) size(300x250) site(1230),AEM,5,0,0.12,5,0,,
2011-10-20,allison_test,24/7 Real Media (test),300x250,7182483,24/7 Real Media allison_test 300x250 allison_tag4 Fixed,Fixed,0,0,0,9,0,,
2011-10-20,AEM,test account,300x250,11209987,DoubleVerify Test,Fixed,0,0,0,425906,0,,
2011-10-20,msposrxshb.com,AdBlade (AEM),300x250,15190259,Buy Tag - name(Adblade_HoverTarget_300x250) size(300x250) site(1242),AEM,1,0,0.1,1,0,,
2011-10-20,wgrwijbosb.com,Yahoo! Network (AEM),728x90,3085286,Buy Tag - name(yahoo_roam_12.23.10_728x90) size(728x90) site(1248),AEM,8,0,0.15,8,0,,
2011-10-20,axxiuzsydh.com,Yahoo RTB (RTB),728x90,15452342,Buy Tag - name(Yahoo 728x90) size(728x90) site(1237),RTB,8,0,0.51,8,0,,
2011-10-20,jeepknkhlv.com,MediaMath (RTB),300x250,5695335,Buy Tag - name(MediaMath 300x250) size(300x250) site(1230),RTB,7,0,0.21,7,0,,
2011-10-20,xhgaeukjpk.com,AppNexus (RTB),728x90,3313592,Buy Tag - name(AppNexus 728x90) size(728x90) site(1240),RTB,1,0,0.18,1,0,,
2011-10-20,axxiuzsydh.com,DSNR (AEM),300x250,10204216,Buy Tag - name(aa_DSNR_WW_RevShare_7.5.11_300) size(300x250) site(1237),AEM,1,0,0.01,1,0,,
2011-10-20,wgrwijbosb.com,Quantcast (RTB),300x250,5697064,Buy Tag - name(Quantcast 300x250) size(300x250) site(1248),RTB,11,0.01,0.71,11,0,,
2011-10-20,dkchvzpvpi.com,Banner Connect (AEM),728x90,16848217,Buy Tag - name(aa_BannerConnect_US_APNBackfill_728x90) size(728x90) site(1234),AEM,1,0,0.05,1,0,,
2011-10-20,msposrxshb.com,Yahoo! Network (AEM),728x90,3085273,Buy Tag - name(yahoo_roam_12.23.10_728x90) size(728x90) site(1242),AEM,8,0,0.15,8,0,,
2011-10-20,wgsdbvujia.com,ValueClick RTB (RTB),300x250,10905433,Buy Tag - name(ValueClick RTB 300x250) size(300x250) site(1243),RTB,2,0,0.59,2,0,,
2011-10-20,msposrxshb.com,Rocket Fuel (RTB),300x250,11816905,Buy Tag - name(Rocket Fuel 300x250) size(300x250) site(1242),RTB,7,0,0.35,7,0,,
2011-10-20,dkchvzpvpi.com,Headway Digital (AEM),300x250,14910905,Buy Tag - name(aa_Headwaydigital_ROS_US_9.19.11_300x250) size(300x250) site(1234),AEM,3,0,0.07,3,0,,
2011-10-20,AEM,DSNR (AEM),160x600,10190826,Buy Tag - name(aa_DSNR_WW_RevShare_7.5.11_160) size(160x600) site(494),AEM,62324,0.62,0.01,62324,0,,
2011-10-20,dkchvzpvpi.com,DSNR (AEM),300x250,10204411,Buy Tag - name(aa_DSNR_WW_RevShare_7.5.11_300) size(300x250) site(1234),AEM,1,0,0.01,1,0,,
2011-10-20,AEM,DSNR (AEM),300x250,13412379,Buy Tag - name(aa_DSNR_IEIL_RevShare_9.1.11_300) size(300x250) site(494),AEM,15,0,0.1,15,0,,
2011-10-20,AEM,DSNR (AEM),300x250,9985516,Buy Tag - name(aa_DSNR_UK_RevShare_6.28.11_300) size(300x250) site(494),AEM,2,0,0.08,2,0,,
2011-10-20,xhgaeukjpk.com,Adnetik (RTB),728x90,2739004,Buy Tag - name(Adnetik 728x90) size(728x90) site(1240),RTB,3,0,1.23,3,0,,
2011-10-20,itqmduyvkb.com,The Trade Desk (RTB),728x90,2849933,Buy Tag - name(Trade Desk 728x90) size(728x90) site(1232),RTB,1,0,0.41,1,0,,
2011-10-20,xhgaeukjpk.com,ValueClick RTB (RTB),300x250,10903693,Buy Tag - name(ValueClick RTB 300x250) size(300x250) site(1240),RTB,11,0,0.21,11,0,,
2011-10-20,jeepknkhlv.com,ZAP Trader (RTB),728x90,17171149,Buy Tag - name(ZAP Trader 728x90) size(728x90) site(1230),RTB,1,0,0.37,1,0,,
2011-10-20,AEM,CPX Interactive (AEM),160x600,15133230,Buy Tag - name(cpx_norway roam_160) size(160x600) site(494),AEM,35,0.02,0.45,35,0,,
2011-10-20,jeepknkhlv.com,Rocket Fuel (RTB),728x90,11819439,Buy Tag - name(Rocket Fuel 728x90) size(728x90) site(1230),RTB,1,0,0.18,1,0,,
2011-10-20,dkchvzpvpi.com,AdBlade (AEM),728x90,16300175,Buy Tag - name(Adblade_HoverTarget_728x90) size(728x90) site(1234),AEM,1,0,0.14,1,0,,
2011-10-20,axgdgcwyco.com,AppNexus (RTB),300x250,3313760,Buy Tag - name(AppNexus 300x250) size(300x250) site(1238),RTB,3,0,0.13,3,0,,
2011-10-20,msposrxshb.com,MediaMath (RTB),300x250,5695360,Buy Tag - name(MediaMath 300x250) size(300x250) site(1242),RTB,6,0,0.25,6,0,,
2011-10-20,xhgaeukjpk.com,Dotomi (RTB),300x250,5697505,Buy Tag - name(Dotomi 300x250) size(300x250) site(1240),RTB,3,0,1.31,3,0,,
2011-10-20,gomez,Buysight (RTB),300x250,1166849,Buy Tag - name(Permuto 300x250) size(300x250) site(427),RTB,37,0.02,0.63,37,0,,
2011-10-20,AEMdemo,test account,300x250,11209986,AEMdemo 300x250 ros Fixed,Fixed,0,0,0,17235,0,,
2011-10-20,AEM,DSNR (AEM),728x90,9416259,Buy Tag - name(aa_DSNR_NL_RevShare_6.14.11_728) size(728x90) site(494),AEM,2,0,0.05,2,0,,
2011-10-20,gomez,TellApart (RTB),300x250,13052723,Buy Tag - name(TellApart 300x250) size(300x250) site(427),RTB,51,0.21,4.17,51,0,,
2011-10-20,rfgkvfknom.com,DSNR (AEM),300x250,10207348,Buy Tag - name(aa_DSNR_WW_RevShare_7.5.11_300) size(300x250) site(1250),AEM,2,0,0.01,2,0,,
2011-10-20,AEM,test account,1x1,9735461,Skinected 1x1 ros Fixed,Fixed,0,0,0,32,0,,
2011-10-20,msposrxshb.com,DataXu (RTB),728x90,4668165,Buy Tag - name(DataXu 728x90) size(728x90) site(1242),RTB,2,0,0.25,2,0,,
2011-10-20,AEM,CPX Interactive (AEM),160x600,11279653,Buy Tag - name(cpx_Philippines_roam_160x600) size(160x600) site(494),AEM,80,0.01,0.1,80,0,,
2011-10-20,ghhiegwcqz.com,ValueClick RTB (RTB),728x90,10907541,Buy Tag - name(ValueClick RTB 728x90) size(728x90) site(1239),RTB,1,0,0.15,1,0,,
2011-10-20,rfgkvfknom.com,Rocket Fuel (RTB),300x250,11816085,Buy Tag - name(Rocket Fuel 300x250) size(300x250) site(1250),RTB,6,0,0.36,6,0,,
2011-10-20,jeepknkhlv.com,BurstDirect (AEM),300x250,4411896,Buy Tag - name(Burst_RON_USMulti_2.23.11_300x250) size(300x250) site(1230),AEM,1,0,0.07,1,0,,
2011-10-20,axgdgcwyco.com,Banner Connect (AEM),300x250,6346920,Buy Tag - name(aa_BannerConnect_United States_Test RT_300x250) size(300x250) site(1238),AEM,1,0,0.06,1,0,,
2011-10-20,AEM,DSNR (AEM),728x90,9987336,Buy Tag - name(aa_DSNR_UK_RevShare_6.28.11_728) size(728x90) site(494),AEM,2821,0.23,0.08,2821,0,,
2011-10-20,ktflbecrqr.com,MediaMath (RTB),728x90,5695464,Buy Tag - name(MediaMath 728x90) size(728x90) site(1241),RTB,3,0,0.3,3,0,,
2011-10-20,ktflbecrqr.com,Yahoo! Network (AEM),728x90,3085272,Buy Tag - name(yahoo_roam_12.23.10_728x90) size(728x90) site(1241),AEM,4,0,0.15,4,0,,
2011-10-20,dkchvzpvpi.com,Rocket Fuel (RTB),300x250,11817320,Buy Tag - name(Rocket Fuel 300x250) size(300x250) site(1234),RTB,9,0.01,0.59,9,0,,
2011-10-20,ghhiegwcqz.com,DataXu (RTB),728x90,4668282,Buy Tag - name(DataXu 728x90) size(728x90) site(1239),RTB,3,0,0.5,3,0,,
2011-10-20,AEM,DSNR (AEM),300x250,9383434,Buy Tag - name(aa_DSNR_DE_RevShare_6.14.11_300) size(300x250) site(494),AEM,22,0,0.08,22,0,,
2011-10-20,allison_test,DSNR (AEM),160x600,10189018,Buy Tag - name(aa_DSNR_WW_RevShare_7.5.11_160) size(160x600) site(1980),AEM,13,0,0.01,13,0,,
2011-10-20,ktflbecrqr.com,AppNexus (RTB),300x250,3313771,Buy Tag - name(AppNexus 300x250) size(300x250) site(1241),RTB,3,0,0.18,3,0,,
2011-10-20,msposrxshb.com,AppNexus (RTB),300x250,3313772,Buy Tag - name(AppNexus 300x250) size(300x250) site(1242),RTB,4,0,0.29,4,0,,
2011-10-20,AEM,DSNR (AEM),160x600,17883756,Buy Tag - name(aa_DSNR_CYZA_RevShare_10.19.11_160) size(160x600) site(494),AEM,24,0,0.1,24,0,,
2011-10-20,AEM,aCerno (AEM),728x90,10672942,Buy Tag - name(aa_Acerno_PixelFree_Feed1_07.14.11_728) size(728x90) site(494),AEM,147,0.22,1.49,147,0,,
2011-10-20,jeepknkhlv.com,Dotomi (RTB),300x250,5697374,Buy Tag - name(Dotomi 300x250) size(300x250) site(1230),RTB,4,0,0.61,4,0,,
2011-10-20,axxiuzsydh.com,Rocket Fuel (RTB),728x90,11820686,Buy Tag - name(Rocket Fuel 728x90) size(728x90) site(1237),RTB,1,0,0.94,1,0,,
2011-10-20,wgrwijbosb.com,Headway Digital (AEM),300x250,14913646,Buy Tag - name(aa_Headwaydigital_ROS_US_9.19.11_300x250) size(300x250) site(1248),AEM,1,0,0.06,1,0,,
2011-10-20,axxiuzsydh.com,AppNexus (RTB),300x250,3313759,Buy Tag - name(AppNexus 300x250) size(300x250) site(1237),RTB,4,0,0.53,4,0,,
2011-10-20,axxiuzsydh.com,The Trade Desk (RTB),728x90,2849919,Buy Tag - name(Trade Desk 728x90) size(728x90) site(1237),RTB,1,0,0.18,1,0,,
2011-10-20,axxiuzsydh.com,ValueClick RTB (RTB),300x250,10904511,Buy Tag - name(ValueClick RTB 300x250) size(300x250) site(1237),RTB,15,0,0.25,15,0,,
2011-10-20,wgsdbvujia.com,Rocket Fuel (RTB),300x250,11817423,Buy Tag - name(Rocket Fuel 300x250) size(300x250) site(1243),RTB,2,0,0.24,2,0,,
2011-10-20,demo.com,Dotomi,300x250,5168,Dotomi 300x250 ROS,Rev Share,0,0,0,8,3,,
2011-10-20,AEM,DSNR (AEM),728x90,17897120,Buy Tag - name(aa_DSNR_WW_RevShare3_10.19.11_728) size(728x90) site(494),AEM,5234,0.16,0.03,5234,0,,
2011-10-20,AEMdemo,DSNR (AEM),728x90,17898992,Buy Tag - name(aa_DSNR_WW_RevShare3_10.19.11_728) size(728x90) site(978),AEM,1063,0.03,0.03,1063,0,,
2011-10-20,wgsdbvujia.com,MediaMath (RTB),728x90,5695632,Buy Tag - name(MediaMath 728x90) size(728x90) site(1243),RTB,1,0,0.33,1,0,,
2011-10-20,rfgkvfknom.com,Rocket Fuel (RTB),728x90,11819984,Buy Tag - name(Rocket Fuel 728x90) size(728x90) site(1250),RTB,3,0,0.17,3,0,,
2011-10-20,wgsdbvujia.com,Yahoo RTB (RTB),300x250,15457345,Buy Tag - name(Yahoo 300x250) size(300x250) site(1243),RTB,7,0,0.19,7,0,,
2011-10-20,AEM,DSNR (AEM),728x90,10198611,Buy Tag - name(aa_DSNR_WW_RevShare_7.5.11_728) size(728x90) site(494),AEM,161350,1.61,0.01,161350,0,,
2011-10-20,AEM,Darriens network (AEM),300x250,13093763,Buy Tag - name(Darriens_DE_Channel_300) size(300x250) site(494),AEM,48,0,0.08,48,0,,
2011-10-20,itqmduyvkb.com,AppNexus (RTB),160x600,3313668,Buy Tag - name(AppNexus 160x600) size(160x600) site(1232),RTB,1,0,0.18,1,0,,
2011-10-20,dkchvzpvpi.com,Banner Connect (AEM),300x250,6347348,Buy Tag - name(aa_BannerConnect_United States_Test RT_300x250) size(300x250) site(1234),AEM,3,0,0.07,3,0,,
2011-10-20,jhtayqlgcq.com,Yahoo RTB (RTB),300x250,15455732,Buy Tag - name(Yahoo 300x250) size(300x250) site(1246),RTB,5,0,0.16,5,0,,
2011-10-20,rfgkvfknom.com,ValueClick RTB (RTB),728x90,10908164,Buy Tag - name(ValueClick RTB 728x90) size(728x90) site(1250),RTB,2,0,0.12,2,0,,
2011-10-20,wgsdbvujia.com,BurstDirect (AEM),300x250,4412181,Buy Tag - name(Burst_RON_USMulti_2.23.11_300x250) size(300x250) site(1243),AEM,1,0,0.08,1,0,,
2011-10-20,jeepknkhlv.com,ValueClick RTB (RTB),728x90,10906421,Buy Tag - name(ValueClick RTB 728x90) size(728x90) site(1230),RTB,6,0,0.05,6,0,,
2011-10-20,ghhiegwcqz.com,MediaMath (RTB),300x250,5695398,Buy Tag - name(MediaMath 300x250) size(300x250) site(1239),RTB,5,0,0.37,5,0,,
2011-10-20,xhgaeukjpk.com,Yahoo! Network (AEM),728x90,3085271,Buy Tag - name(yahoo_roam_12.23.10_728x90) size(728x90) site(1240),AEM,6,0,0.17,6,0,,
2011-10-20,AEMdemo,DSNR (AEM),728x90,9987400,Buy Tag - name(aa_DSNR_UK_RevShare_6.28.11_728) size(728x90) site(978),AEM,6,0,0.08,6,0,,
2011-10-20,jeepknkhlv.com,AppNexus (RTB),728x90,3313577,Buy Tag - name(AppNexus 728x90) size(728x90) site(1230),RTB,2,0,0.19,2,0,,
2011-10-20,AEM,iii-interactive (AEM),160x600,16110777,Buy Tag - name(aa_iii-interactive_Men_Untrue_160) size(160x600) site(494),AEM,26,0.02,0.7,26,0,,
2011-10-20,wgrwijbosb.com,ZAP Trader (RTB),300x250,17174073,Buy Tag - name(ZAP Trader 300x250) size(300x250) site(1248),RTB,8,0,0.36,8,0,,
2011-10-20,msposrxshb.com,BurstDirect (AEM),300x250,4411882,Buy Tag - name(Burst_RON_USMulti_2.23.11_300x250) size(300x250) site(1242),AEM,1,0,0.07,1,0,,
2011-10-20,dkchvzpvpi.com,Criteo (RTB),728x90,4285626,Buy Tag - name(Criteo US 728x90) size(728x90) site(1234),RTB,2,0,0.24,2,0,,
2011-10-20,wgrwijbosb.com,LucidMedia (RTB),300x250,3259770,Buy Tag - name(Lucid 300x250) size(300x250) site(1248),RTB,2,0,0.6,2,0,,
2011-10-20,xhgaeukjpk.com,Adnetik (RTB),300x250,2738938,Buy Tag - name(Adnetik 300x250) size(300x250) site(1240),RTB,2,0,1.22,2,0,,
2011-10-20,gomez,Crumbtag (RTB),300x250,5125114,Buy Tag - name(Crumbtag 300x250) size(300x250) site(427),RTB,82,0.02,0.2,82,0,,
2011-10-20,jhtayqlgcq.com,ValueClick RTB (RTB),300x250,10905226,Buy Tag - name(ValueClick RTB 300x250) size(300x250) site(1246),RTB,1,0,0.7,1,0,,
2011-10-20,AEMdemo,DSNR (AEM),160x600,10189020,Buy Tag - name(aa_DSNR_WW_RevShare_7.5.11_160) size(160x600) site(978),AEM,216155,2.16,0.01,216155,0,,
2011-10-20,AEMdemo,DSNR (AEM),728x90,10195676,Buy Tag - name(aa_DSNR_WW_RevShare_7.5.11_728) size(728x90) site(978),AEM,13184,0.13,0.01,13184,0,,
2011-10-20,axxiuzsydh.com,Redux Media (AEM),300x250,9039820,Buy Tag - name(Redux_US_300x250) size(300x250) site(1237),AEM,1,0,0.12,1,0,,
2011-10-20,jeepknkhlv.com,MediaMath (RTB),728x90,5695596,Buy Tag - name(MediaMath 728x90) size(728x90) site(1230),RTB,1,0,0.18,1,0,,
2011-10-20,ktflbecrqr.com,Quantcast (RTB),300x250,5697052,Buy Tag - name(Quantcast 300x250) size(300x250) site(1241),RTB,3,0,0.47,3,0,,
2011-10-20,jeepknkhlv.com,DataXu (RTB),300x250,4667149,Buy Tag - name(DataXu 300x250) size(300x250) site(1230),RTB,4,0,0.3,4,0,,
2011-10-20,dkchvzpvpi.com,DataXu (RTB),728x90,4668141,Buy Tag - name(DataXu 728x90) size(728x90) site(1234),RTB,1,0,0.18,1,0,,
2011-10-20,itqmduyvkb.com,Criteo (RTB),728x90,4285629,Buy Tag - name(Criteo US 728x90) size(728x90) site(1232),RTB,1,0,0.18,1,0,,
2011-10-20,axgdgcwyco.com,Yahoo! Network (AEM),728x90,3085261,Buy Tag - name(yahoo_roam_12.23.10_728x90) size(728x90) site(1238),AEM,14,0,0.18,14,0,,
2011-10-20,wgrwijbosb.com,Adorika AEM (AEM),300x250,13463005,Buy Tag - name(aa_Adorika_RevShare_RON2_9.1.11_300) size(300x250) site(1248),AEM,6,0,0.02,6,0,,
2011-10-20,msposrxshb.com,Yahoo RTB (RTB),300x250,15455294,Buy Tag - name(Yahoo 300x250) size(300x250) site(1242),RTB,37,0.01,0.32,37,0,,
2011-10-20,jeepknkhlv.com,Headway Digital (AEM),300x250,14916574,Buy Tag - name(aa_Headwaydigital_Run of Site_Argentina_9.19.11_300X250) size(300x250) site(1230),AEM,1,0,0.06,1,0,,
2011-10-20,gomez,DataXu (RTB),300x250,393984,Buy Tag - name(DataXu 300x250) size(300x250) site(427),RTB,26,0.01,0.36,26,0,,
2011-10-20,rfgkvfknom.com,DataXu (RTB),300x250,4667088,Buy Tag - name(DataXu 300x250) size(300x250) site(1250),RTB,2,0,0.23,2,0,,
2011-10-20,jeepknkhlv.com,DataXu (RTB),728x90,4668128,Buy Tag - name(DataXu 728x90) size(728x90) site(1230),RTB,1,0,0.18,1,0,,
2011-10-20,AEM,DSNR (AEM),160x600,9410944,Buy Tag - name(aa_DSNR_NL_RevShare_6.14.11_160) size(160x600) site(494),AEM,75,0,0.05,75,0,,
2011-10-20,allison_test,DSNR (AEM),300x250,10207792,Buy Tag - name(aa_DSNR_WW_RevShare_7.5.11_300) size(300x250) site(1980),AEM,15,0,0.01,15,0,,
2011-10-20,xhgaeukjpk.com,Yahoo RTB (RTB),728x90,15454592,Buy Tag - name(Yahoo 728x90) size(728x90) site(1240),RTB,32,0.03,0.8,32,0,,
2011-10-20,axgdgcwyco.com,AdBlade (AEM),300x250,15190016,Buy Tag - name(Adblade_HoverTarget_300x250) size(300x250) site(1238),AEM,1,0,0.07,1,0,,
2011-10-20,axgdgcwyco.com,Dotomi (RTB),300x250,5697377,Buy Tag - name(Dotomi 300x250) size(300x250) site(1238),RTB,1,0,0.86,1,0,,
2011-10-20,wgrwijbosb.com,The Trade Desk (RTB),300x250,2851105,Buy Tag - name(Trade Desk 300x250) size(300x250) site(1248),RTB,1,0,0.29,1,0,,
2011-10-20,itqmduyvkb.com,AppNexus (RTB),300x250,3313762,Buy Tag - name(AppNexus 300x250) size(300x250) site(1232),RTB,2,0,0.26,2,0,,
2011-10-20,rfgkvfknom.com,Yahoo! Network (AEM),300x250,3085586,Buy Tag - name(yahoo_roam_12.23.10_300x250) size(300x250) site(1250),AEM,17,0,0.14,17,0,,
2011-10-20,dkchvzpvpi.com,The Trade Desk (RTB),300x250,2851075,Buy Tag - name(Trade Desk 300x250) size(300x250) site(1234),RTB,1,0,0.15,1,0,,
2011-10-20,allison_test,24/7 Real Media (test),728x90,7182484,24/7 Real Media allison_test 728x90 allison_tag5 Fixed,Fixed,0,0,0,11,0,,
2011-10-20,rfgkvfknom.com,Headway Digital (AEM),300x250,14912804,Buy Tag - name(aa_Headwaydigital_ROS_US_9.19.11_300x250) size(300x250) site(1250),AEM,1,0,0.06,1,0,,
2011-10-20,gomez,Adnetik (RTB),300x250,2247814,Buy Tag - name(Adnetik 300x250) size(300x250) site(427),RTB,2,0,0.38,2,0,,
2011-10-20,rfgkvfknom.com,ValueClick RTB (RTB),300x250,10904774,Buy Tag - name(ValueClick RTB 300x250) size(300x250) site(1250),RTB,11,0,0.2,11,0,,
2011-10-20,wgrwijbosb.com,Adorika AEM (AEM),728x90,13465462,Buy Tag - name(aa_Adorika_RevShare_RON2_9.1.11_728) size(728x90) site(1248),AEM,10,0,0.02,10,0,,
2011-10-20,demo.com,24/7 Real Media (test),300x250,7511,test tag - ilia 123,Fixed,0,0,0,6,0,,
2011-10-20,AEM,DSNR (AEM),160x600,13411031,Buy Tag - name(aa_DSNR_IEIL_RevShare_9.1.11_160) size(160x600) site(494),AEM,697,0.07,0.1,697,0,,
2011-10-20,AEM,Darriens network (AEM),160x600,13097783,Buy Tag - name(Darriens_DE_Channel_160) size(160x600) site(494),AEM,15,0,0.1,15,0,,
2011-10-20,allison_test,ValueClick RTB (RTB),160x600,10901927,Buy Tag - name(ValueClick RTB 160x600) size(160x600) site(1980),RTB,2,0,0.02,2,0,,
2011-10-20,dkchvzpvpi.com,ZAP Trader (RTB),300x250,17174375,Buy Tag - name(ZAP Trader 300x250) size(300x250) site(1234),RTB,1,0,1.41,1,0,,
2011-10-20,dkchvzpvpi.com,DataXu (RTB),300x250,4667192,Buy Tag - name(DataXu 300x250) size(300x250) site(1234),RTB,9,0,0.37,9,0,,
2011-10-20,AEMdemo,CPX Interactive (AEM),160x600,15133544,Buy Tag - name(cpx_norway roam_160) size(160x600) site(978),AEM,28752,12.94,0.45,28752,0,,
2011-10-20,wgrwijbosb.com,MediaMath (RTB),728x90,5695544,Buy Tag - name(MediaMath 728x90) size(728x90) site(1248),RTB,1,0,0.22,1,0,,
2011-10-20,ktflbecrqr.com,Yahoo RTB (RTB),300x250,15453912,Buy Tag - name(Yahoo 300x250) size(300x250) site(1241),RTB,25,0.01,0.26,25,0,,
2011-10-20,axgdgcwyco.com,Matomy Media (AEM),300x250,16469528,Buy Tag - name(aa_Matomy_Global_Fixed_300) size(300x250) site(1238),AEM,1,0,0.03,1,0,,
2011-10-20,vuyajsbxxe.com,Fox Network (AEM),300x250,10938600,Buy Tag - name(Fox_Entertainment_AN_300) size(300x250) site(1231),AEM,1,0,0.04,1,0,,
2011-10-20,ktflbecrqr.com,AppNexus (RTB),728x90,3313593,Buy Tag - name(AppNexus 728x90) size(728x90) site(1241),RTB,3,0,0.21,3,0,,
2011-10-20,rfgkvfknom.com,Quantcast (RTB),300x250,5697065,Buy Tag - name(Quantcast 300x250) size(300x250) site(1250),RTB,3,0,0.3,3,0,,
2011-10-20,gomez,Triggit (RTB),300x250,1892121,Buy Tag - name(Triggit 300x250) size(300x250) site(427),RTB,28,0,0.03,28,0,,
2011-10-20,AEM,Microsoft France (AEM),728x90,17463625,Buy Tag - name(MicrosoftFR_ROW_728x90) size(728x90) site(494),AEM,3,0,0.22,3,0,,
2011-10-20,msposrxshb.com,Matomy Media (AEM),300x250,16467721,Buy Tag - name(aa_Matomy_Global_Fixed_300) size(300x250) site(1242),AEM,1,0,0.03,1,0,,
2011-10-20,AEM,CPX Interactive (AEM),300x250,10669994,Buy Tag - name(cpx_MiddleEast_roam_300x250) size(300x250) site(494),AEM,7,0,0.15,7,0,,
2011-10-20,ktflbecrqr.com,BurstDirect (AEM),300x250,4411898,Buy Tag - name(Burst_RON_USMulti_2.23.11_300x250) size(300x250) site(1241),AEM,1,0,0.15,1,0,,
2011-10-20,wgsdbvujia.com,Yahoo! Network (AEM),728x90,3085274,Buy Tag - name(yahoo_roam_12.23.10_728x90) size(728x90) site(1243),AEM,1,0,0.18,1,0,,
2011-10-20,wgrwijbosb.com,AdBlade (AEM),300x250,15187962,Buy Tag - name(Adblade_HoverTarget_300x250) size(300x250) site(1248),AEM,1,0,0.12,1,0,,
2011-10-20,axgdgcwyco.com,MediaMath (RTB),300x250,5695323,Buy Tag - name(MediaMath 300x250) size(300x250) site(1238),RTB,9,0,0.2,9,0,,
2011-10-20,AEM,AdTiger (AEM),728x90,5561371,Buy Tag - name(aa_AdTiger_revshare_AT_728x90) size(728x90) site(494),AEM,5,0,0.06,5,0,,
2011-10-20,wgsdbvujia.com,Plexious (AEM),300x250,17176923,Buy Tag - name(aa_Plexious_RON_10.14.11_300) size(300x250) site(1243),AEM,1,0,0.16,1,0,,
2011-10-20,AEM,DSNR (AEM),160x600,9591561,Buy Tag - name(aa_DSNR_IT_RevShare_6.14.11_160) size(160x600) site(494),AEM,145,0.01,0.05,145,0,,
2011-10-20,AEMdemo,Darriens network (AEM),160x600,13330985,Buy Tag - name(aa_Darriens_US_RS_160) size(160x600) site(978),AEM,780,0.05,0.06,780,0,,
2011-10-20,ktflbecrqr.com,Rocket Fuel (RTB),300x250,11817900,Buy Tag - name(Rocket Fuel 300x250) size(300x250) site(1241),RTB,5,0,0.15,5,0,,
2011-10-20,ktflbecrqr.com,AppNexus (RTB),160x600,3313677,Buy Tag - name(AppNexus 160x600) size(160x600) site(1241),RTB,1,0,0.25,1,0,,
2011-10-20,AEM,Banner Connect (AEM),728x90,6339518,Buy Tag - name(aa_BannerConnect_Switzerland_Test RT_728x90) size(728x90) site(494),AEM,60,0.01,0.12,60,0,,
2011-10-20,ghhiegwcqz.com,Yahoo! Network (AEM),300x250,3085566,Buy Tag - name(yahoo_roam_12.23.10_300x250) size(300x250) site(1239),AEM,13,0,0.13,13,0,,
2011-10-20,axgdgcwyco.com,Yahoo RTB (RTB),728x90,15451790,Buy Tag - name(Yahoo 728x90) size(728x90) site(1238),RTB,14,0.01,0.37,14,0,,
2011-10-20,allison_test,ValueClick RTB (RTB),728x90,10906366,Buy Tag - name(ValueClick RTB 728x90) size(728x90) site(1980),RTB,2,0,0.02,2,0,,
2011-10-20,ghhiegwcqz.com,AdBlade (AEM),300x250,15188254,Buy Tag - name(Adblade_HoverTarget_300x250) size(300x250) site(1239),AEM,3,0,0.11,3,0,,
2011-10-20,wgrwijbosb.com,Meta Network (AEM),300x250,10826208,Buy Tag - name(aa_MetaNetwork_US_Fixed_7.18.11_300x250) size(300x250) site(1248),AEM,5,0,0.05,5,0,,
2011-10-20,wgrwijbosb.com,Banner Connect (AEM),300x250,6347425,Buy Tag - name(aa_BannerConnect_United States_Test RT_300x250) size(300x250) site(1248),AEM,2,0,0.07,2,0,,
2011-10-20,jeepknkhlv.com,Quantcast (RTB),300x250,5696993,Buy Tag - name(Quantcast 300x250) size(300x250) site(1230),RTB,6,0,0.46,6,0,,
2011-10-20,gomez,Turn (RTB),300x250,684882,Buy Tag - name(Turn 300x250) size(300x250) site(427),RTB,368,0.06,0.17,368,0,,
2011-10-20,dkchvzpvpi.com,AppNexus (RTB),728x90,3313586,Buy Tag - name(AppNexus 728x90) size(728x90) site(1234),RTB,1,0,0.18,1,0,,
2011-10-20,itqmduyvkb.com,ValueClick RTB (RTB),300x250,10904962,Buy Tag - name(ValueClick RTB 300x250) size(300x250) site(1232),RTB,1,0,1.49,1,0,,
2011-10-20,AEM,DSNR (AEM),300x250,10205380,Buy Tag - name(aa_DSNR_WW_RevShare_7.5.11_300) size(300x250) site(494),AEM,1958,0.02,0.01,1958,0,,
2011-10-20,axxiuzsydh.com,Rocket Fuel (RTB),300x250,11816772,Buy Tag - name(Rocket Fuel 300x250) size(300x250) site(1237),RTB,5,0,0.31,5,0,,
2011-10-20,ktflbecrqr.com,DataXu (RTB),300x250,4667094,Buy Tag - name(DataXu 300x250) size(300x250) site(1241),RTB,5,0,0.13,5,0,,
2011-10-20,AEM,DSNR (AEM),160x600,9983366,Buy Tag - name(aa_DSNR_UK_RevShare_6.28.11_160) size(160x600) site(494),AEM,2050,0.16,0.08,2050,0,,
2011-10-20,wgrwijbosb.com,Yahoo RTB (RTB),300x250,15457926,Buy Tag - name(Yahoo 300x250) size(300x250) site(1248),RTB,21,0.01,0.34,21,0,,
2011-10-20,AEM,Microsoft Media ES (AEM),160x600,2739415,Buy Tag - name(aa_Microsoft ES RON 12.07.2010) size(160x600) site(494),AEM,12,0,0.11,12,0,,
2011-10-20,AEM,Darriens network (AEM),728x90,13351159,Buy Tag - name(aa_Darriens_US_RS_728) size(728x90) site(494),AEM,60141,3.61,0.06,60141,0,,
2011-10-20,jeepknkhlv.com,Invite 2.0 (RTB),300x250,10342247,Buy Tag - name(Invite 2.0 300x250) size(300x250) site(1230),RTB,1,0,0.29,1,0,,
2011-10-20,gomez,x+1 (RTB),300x250,448360,Buy Tag - name(X+1 300x250) size(300x250) site(427),RTB,22,0.01,0.37,22,0,,
2011-10-20,dkchvzpvpi.com,MediaMath (RTB),728x90,5695576,Buy Tag - name(MediaMath 728x90) size(728x90) site(1234),RTB,3,0,0.19,3,0,,
2011-10-20,xhgaeukjpk.com,Quantcast (RTB),300x250,5697032,Buy Tag - name(Quantcast 300x250) size(300x250) site(1240),RTB,3,0,0.93,3,0,,
2011-10-20,ghhiegwcqz.com,Rocket Fuel (RTB),728x90,11820136,Buy Tag - name(Rocket Fuel 728x90) size(728x90) site(1239),RTB,1,0,0.18,1,0,,
2011-10-20,wgrwijbosb.com,Rocket Fuel (RTB),300x250,11817497,Buy Tag - name(Rocket Fuel 300x250) size(300x250) site(1248),RTB,7,0,0.51,7,0,,
2011-10-20,axgdgcwyco.com,MediaMath (RTB),728x90,5695498,Buy Tag - name(MediaMath 728x90) size(728x90) site(1238),RTB,3,0,0.2,3,0,,
2011-10-20,msposrxshb.com,ValueClick RTB (RTB),728x90,10906314,Buy Tag - name(ValueClick RTB 728x90) size(728x90) site(1242),RTB,4,0,0.53,4,0,,
2011-10-20,msposrxshb.com,Quantcast (RTB),300x250,5697019,Buy Tag - name(Quantcast 300x250) size(300x250) site(1242),RTB,10,0.01,0.72,10,0,,
2011-10-20,jeepknkhlv.com,AppNexus (RTB),300x250,3313756,Buy Tag - name(AppNexus 300x250) size(300x250) site(1230),RTB,1,0,0.18,1,0,,
2011-10-20,axgdgcwyco.com,BurstDirect (AEM),300x250,4412269,Buy Tag - name(Burst_RON_USMulti_2.23.11_300x250) size(300x250) site(1238),AEM,3,0,0.13,3,0,,
2011-10-20,wgsdbvujia.com,Quantcast (RTB),300x250,5697085,Buy Tag - name(Quantcast 300x250) size(300x250) site(1243),RTB,3,0,0.27,3,0,,
2011-10-20,AEM,Microsoft France (AEM),728x90,6837341,Buy Tag - name(aa_MicrosoftFR_6040_728x90) size(728x90) site(494),AEM,3,0,0.16,3,0,,
2011-10-20,axxiuzsydh.com,DataXu (RTB),728x90,4668254,Buy Tag - name(DataXu 728x90) size(728x90) site(1237),RTB,4,0,0.22,4,0,,
2011-10-20,xhgaeukjpk.com,Criteo (RTB),728x90,4285662,Buy Tag - name(Criteo US 728x90) size(728x90) site(1240),RTB,1,0,0.26,1,0,,
2011-10-20,vuyajsbxxe.com,Quantcast (RTB),300x250,5696942,Buy Tag - name(Quantcast 300x250) size(300x250) site(1231),RTB,2,0,0.81,2,0,,
2011-10-20,AEMdemo,Darriens network (AEM),160x600,13096622,Buy Tag - name(Darriens_DE_Channel_160) size(160x600) site(978),AEM,9,0,0.1,9,0,,
2011-10-20,wgrwijbosb.com,BurstDirect (AEM),300x250,4412191,Buy Tag - name(Burst_RON_USMulti_2.23.11_300x250) size(300x250) site(1248),AEM,2,0,0.1,2,0,,
2011-10-20,xhgaeukjpk.com,Dotomi (RTB),728x90,5697631,Buy Tag - name(Dotomi 728x90) size(728x90) site(1240),RTB,1,0,1.89,1,0,,
2011-10-20,itqmduyvkb.com,Yahoo! Network (AEM),300x250,3085567,Buy Tag - name(yahoo_roam_12.23.10_300x250) size(300x250) site(1232),AEM,4,0,0.14,4,0,,
2011-10-20,msposrxshb.com,AdBlade (AEM),728x90,16298975,Buy Tag - name(Adblade_HoverTarget_728x90) size(728x90) site(1242),AEM,1,0,0.14,1,0,,
2011-10-20,wgrwijbosb.com,AppNexus (RTB),728x90,3313600,Buy Tag - name(AppNexus 728x90) size(728x90) site(1248),RTB,1,0,0.18,1,0,,
2011-10-20,wgrwijbosb.com,MediaMath (RTB),300x250,5695408,Buy Tag - name(MediaMath 300x250) size(300x250) site(1248),RTB,3,0,1.05,3,0,,
2011-10-20,itqmduyvkb.com,Rocket Fuel (RTB),300x250,11815808,Buy Tag - name(Rocket Fuel 300x250) size(300x250) site(1232),RTB,1,0,0.23,1,0,,
2011-10-20,jhtayqlgcq.com,CPM Only (AEM),300x250,14939905,Buy Tag - name(aa_CPMonly_US_RON_9.20.11_300) size(300x250) site(1246),AEM,1,0,0.14,1,0,,
2011-10-20,dkchvzpvpi.com,Yahoo! Network (AEM),300x250,3085569,Buy Tag - name(yahoo_roam_12.23.10_300x250) size(300x250) site(1234),AEM,26,0,0.14,26,0,,
2011-10-20,wgrwijbosb.com,Headway Digital (AEM),300x250,14908209,Buy Tag - name(aa_Headwaydigital_ROS_Latin America_9.19.11_300x250) size(300x250) site(1248),AEM,1,0,0.06,1,0,,
2011-10-20,jeepknkhlv.com,ZAP Trader (RTB),300x250,17174161,Buy Tag - name(ZAP Trader 300x250) size(300x250) site(1230),RTB,2,0,0.29,2,0,,
2011-10-20,AEM,Banner Connect (AEM),300x250,6337842,Buy Tag - name(aa_BannerConnect_Switzerland_Test RT_300x250) size(300x250) site(494),AEM,7,0,0.14,7,0,,
2011-10-20,msposrxshb.com,Yahoo RTB (RTB),728x90,15453442,Buy Tag - name(Yahoo 728x90) size(728x90) site(1242),RTB,14,0,0.35,14,0,,
2011-10-20,vuyajsbxxe.com,Rocket Fuel (RTB),300x250,11815730,Buy Tag - name(Rocket Fuel 300x250) size(300x250) site(1231),RTB,2,0,0.49,2,0,,
2011-10-20,allison_test,24/7 Real Media (test),728x90,7182467,24/7 Real Media allison_test 728x90 allison_tag2 Fixed,Fixed,0,0,0,8,0,,
2011-10-20,AEMdemo,DSNR (AEM),300x250,10205043,Buy Tag - name(aa_DSNR_WW_RevShare_7.5.11_300) size(300x250) site(978),AEM,135,0,0.01,135,0,,
2011-10-20,rfgkvfknom.com,Banner Connect (AEM),300x250,16845300,Buy Tag - name(aa_BannerConnect_US_APNBackfill_300x250) size(300x250) site(1250),AEM,2,0,0.05,2,0,,
2011-10-20,xhgaeukjpk.com,Rocket Fuel (RTB),300x250,11815652,Buy Tag - name(Rocket Fuel 300x250) size(300x250) site(1240),RTB,5,0,0.52,5,0,,
2011-10-20,rfgkvfknom.com,BurstDirect (AEM),300x250,4411205,Buy Tag - name(Burst_RON_USMulti_2.23.11_300x250) size(300x250) site(1250),AEM,2,0,0.1,2,0,,
2011-10-20,dkchvzpvpi.com,ValueClick RTB (RTB),300x250,10904677,Buy Tag - name(ValueClick RTB 300x250) size(300x250) site(1234),RTB,21,0,0.22,21,0,,
2011-10-20,wgrwijbosb.com,DataXu (RTB),300x250,4667238,Buy Tag - name(DataXu 300x250) size(300x250) site(1248),RTB,5,0,0.3,5,0,,
2011-10-20,gomez,Criteo (RTB),300x250,838038,Buy Tag - name(Criteo US 300x250) size(300x250) site(427),RTB,518,0.17,0.32,518,0,,
2011-10-20,jeepknkhlv.com,DSNR (AEM),300x250,10206902,Buy Tag - name(aa_DSNR_WW_RevShare_7.5.11_300) size(300x250) site(1230),AEM,4,0,0.01,4,0,,
2011-10-20,msposrxshb.com,Meta Network (AEM),300x250,10826118,Buy Tag - name(aa_MetaNetwork_US_Fixed_7.18.11_300x250) size(300x250) site(1242),AEM,3,0,0.05,3,0,,
2011-10-20,axxiuzsydh.com,MediaMath (RTB),300x250,5695382,Buy Tag - name(MediaMath 300x250) size(300x250) site(1237),RTB,6,0,0.17,6,0,,
2011-10-20,msposrxshb.com,The Trade Desk (RTB),728x90,2849942,Buy Tag - name(Trade Desk 728x90) size(728x90) site(1242),RTB,1,0,0.15,1,0,,
2011-10-20,AEMdemo,DSNR (AEM),160x600,17891111,Buy Tag - name(aa_DSNR_WW_RevShare3_10.19.11_160) size(160x600) site(978),AEM,996,0.03,0.03,996,0,,
2011-10-20,wgrwijbosb.com,Matomy Media (AEM),300x250,16474839,Buy Tag - name(aa_Matomy_Global_Fixed_300) size(300x250) site(1248),AEM,1,0,0.03,1,0,,
2011-10-20,axgdgcwyco.com,CPM Only (AEM),300x250,14933832,Buy Tag - name(aa_CPMonly_US_RON_9.20.11_300) size(300x250) site(1238),AEM,5,0,0.09,5,0,,
2011-10-20,dkchvzpvpi.com,Quantcast (RTB),300x250,5696968,Buy Tag - name(Quantcast 300x250) size(300x250) site(1234),RTB,4,0,0.72,4,0,,
2011-10-20,gomez,Simpli.fi (RTB),300x250,1890360,Buy Tag - name(Simplifi 300x250) size(300x250) site(427),RTB,1,0,0.06,1,0,,
2011-10-20,xhgaeukjpk.com,Plexious (AEM),728x90,17180440,Buy Tag - name(aa_Plexious_RON_10.14.11_728) size(728x90) site(1240),AEM,1,0,0.19,1,0,,
2011-10-20,xhgaeukjpk.com,DataXu (RTB),728x90,4668265,Buy Tag - name(DataXu 728x90) size(728x90) site(1240),RTB,2,0,0.72,2,0,,
2011-10-20,xhgaeukjpk.com,BurstDirect (AEM),300x250,4411450,Buy Tag - name(Burst_RON_USMulti_2.23.11_300x250) size(300x250) site(1240),AEM,2,0,0.1,2,0,,
2011-10-20,itqmduyvkb.com,Matomy Media (AEM),728x90,16476906,Buy Tag - name(aa_Matomy_Global_Fixed_728) size(728x90) site(1232),AEM,1,0,0.03,1,0,,
2011-10-20,AEMdemo,Darriens network (AEM),728x90,13351914,Buy Tag - name(aa_Darriens_US_RS_728) size(728x90) site(978),AEM,513,0.03,0.06,513,0,,
2011-10-20,allison_test,ValueClick RTB (RTB),300x250,10903962,Buy Tag - name(ValueClick RTB 300x250) size(300x250) site(1980),RTB,1,0,0.02,1,0,,
2011-10-20,ktflbecrqr.com,MediaMath (RTB),300x250,5695291,Buy Tag - name(MediaMath 300x250) size(300x250) site(1241),RTB,6,0,0.22,6,0,,
2011-10-20,allison_test,24/7 Real Media (test),160x600,7182476,24/7 Real Media allison_test 160x600 allison_tag3 Fixed,Fixed,0,0,0,10,0,,
2011-10-20,jeepknkhlv.com,DSNR (AEM),728x90,10198077,Buy Tag - name(aa_DSNR_WW_RevShare_7.5.11_728) size(728x90) site(1230),AEM,2,0,0.01,2,0,,
2011-10-20,jeepknkhlv.com,Meta Network (AEM),728x90,10843965,Buy Tag - name(aa_MetaNetwork_US_Fixed_7.18.11_728x90) size(728x90) site(1230),AEM,3,0,0.05,3,0,,
2011-10-20,axgdgcwyco.com,Yahoo! Network (AEM),300x250,3085565,Buy Tag - name(yahoo_roam_12.23.10_300x250) size(300x250) site(1238),AEM,22,0,0.12,22,0,,
2011-10-20,rfgkvfknom.com,AppNexus (RTB),728x90,3313598,Buy Tag - name(AppNexus 728x90) size(728x90) site(1250),RTB,5,0,0.18,5,0,,
2011-10-20,dkchvzpvpi.com,MediaMath (RTB),300x250,5695406,Buy Tag - name(MediaMath 300x250) size(300x250) site(1234),RTB,6,0,0.19,6,0,,
2011-10-20,gomez,Ohana Media (RTB),300x250,6713774,Buy Tag - name(Ohana Media 300x250) size(300x250) site(427),RTB,1,0,0.04,1,0,,
2011-10-20,axxiuzsydh.com,DataXu (RTB),300x250,4667119,Buy Tag - name(DataXu 300x250) size(300x250) site(1237),RTB,8,0,0.33,8,0,,
2011-10-20,wgrwijbosb.com,ValueClick RTB (RTB),728x90,10907535,Buy Tag - name(ValueClick RTB 728x90) size(728x90) site(1248),RTB,2,0,0.34,2,0,,
2011-10-20,AEM,DSNR (AEM),300x250,17883296,Buy Tag - name(aa_DSNR_CYZA_RevShare_10.19.11_300) size(300x250) site(494),AEM,1,0,0.1,1,0,,
2011-10-20,ktflbecrqr.com,Adorika AEM (AEM),300x250,13460800,Buy Tag - name(aa_Adorika_RevShare_RON2_9.1.11_300) size(300x250) site(1241),AEM,8,0,0.02,8,0,,
2011-10-20,xhgaeukjpk.com,AdBlade (AEM),300x250,15190385,Buy Tag - name(Adblade_HoverTarget_300x250) size(300x250) site(1240),AEM,2,0,0.14,2,0,,
2011-10-20,rfgkvfknom.com,Meta Network (AEM),300x250,10825011,Buy Tag - name(aa_MetaNetwork_US_Fixed_7.18.11_300x250) size(300x250) site(1250),AEM,1,0,0.04,1,0,,
2011-10-20,msposrxshb.com,Banner Connect (AEM),300x250,16843556,Buy Tag - name(aa_BannerConnect_US_APNBackfill_300x250) size(300x250) site(1242),AEM,4,0,0.05,4,0,,
2011-10-20,AEM,DSNR (AEM),300x250,17894580,Buy Tag - name(aa_DSNR_WW_RevShare3_10.19.11_300) size(300x250) site(494),AEM,83,0,0.03,83,0,,
2011-10-20,AEM,Microsoft France (AEM),728x90,6842292,Buy Tag - name(aa_MicrosoftFR_7030_728x90) size(728x90) site(494),AEM,2,0,0.31,2,0,,
2011-10-20,AEMdemo,Darriens network (AEM),300x250,13335220,Buy Tag - name(aa_Darriens_US_RS_300) size(300x250) site(978),AEM,5,0,0.05,5,0,,
2011-10-20,axgdgcwyco.com,Rocket Fuel (RTB),300x250,11817444,Buy Tag - name(Rocket Fuel 300x250) size(300x250) site(1238),RTB,5,0,0.17,5,0,,
2011-10-20,msposrxshb.com,ZAP Trader (RTB),728x90,17172196,Buy Tag - name(ZAP Trader 728x90) size(728x90) site(1242),RTB,1,0,0.36,1,0,,
2011-10-20,jeepknkhlv.com,Rocket Fuel (RTB),300x250,11815637,Buy Tag - name(Rocket Fuel 300x250) size(300x250) site(1230),RTB,11,0,0.22,11,0,,
2011-10-20,AEMdemo,DSNR (AEM),300x250,17893830,Buy Tag - name(aa_DSNR_WW_RevShare3_10.19.11_300) size(300x250) site(978),AEM,10,0,0.03,10,0,,
2011-10-20,itqmduyvkb.com,DataXu (RTB),300x250,4667223,Buy Tag - name(DataXu 300x250) size(300x250) site(1232),RTB,1,0,0.36,1,0,,
2011-10-20,jeepknkhlv.com,Dotomi (RTB),728x90,5697655,Buy Tag - name(Dotomi 728x90) size(728x90) site(1230),RTB,2,0,0.37,2,0,,
2011-10-20,ghhiegwcqz.com,Banner Connect (AEM),300x250,16843751,Buy Tag - name(aa_BannerConnect_US_APNBackfill_300x250) size(300x250) site(1239),AEM,1,0,0.04,1,0,,
2011-10-20,itqmduyvkb.com,MediaMath (RTB),300x250,5695367,Buy Tag - name(MediaMath 300x250) size(300x250) site(1232),RTB,5,0,0.11,5,0,,
2011-10-20,dkchvzpvpi.com,Quantcast (RTB),728x90,5697239,Buy Tag - name(Quancast 728x90) size(728x90) site(1234),RTB,3,0,0.25,3,0,,
2011-10-20,rfgkvfknom.com,BurstDirect (AEM),728x90,4413320,Buy Tag - name(Burst_RON_USMulti_2.23.11_728x90) size(728x90) site(1250),AEM,1,0,0.14,1,0,,
2011-10-20,dkchvzpvpi.com,Criteo (RTB),300x250,4285816,Buy Tag - name(Criteo US 300x250) size(300x250) site(1234),RTB,7,0.01,0.97,7,0,,
2011-10-20,jeepknkhlv.com,Yahoo! Network (AEM),728x90,3085257,Buy Tag - name(yahoo_roam_12.23.10_728x90) size(728x90) site(1230),AEM,7,0,0.18,7,0,,
2011-10-20,axgdgcwyco.com,ValueClick RTB (RTB),728x90,10907769,Buy Tag - name(ValueClick RTB 728x90) size(728x90) site(1238),RTB,2,0,0.18,2,0,,
2011-10-20,axxiuzsydh.com,BurstDirect (AEM),300x250,4412202,Buy Tag - name(Burst_RON_USMulti_2.23.11_300x250) size(300x250) site(1237),AEM,1,0,0.12,1,0,,
2011-10-20,ktflbecrqr.com,Meta Network (AEM),728x90,10842474,Buy Tag - name(aa_MetaNetwork_US_Fixed_7.18.11_728x90) size(728x90) site(1241),AEM,1,0,0.04,1,0,,
2011-10-20,wgsdbvujia.com,Yahoo! Network (AEM),300x250,3085578,Buy Tag - name(yahoo_roam_12.23.10_300x250) size(300x250) site(1243),AEM,5,0,0.13,5,0,,
2011-10-20,axxiuzsydh.com,ValueClick RTB (RTB),728x90,10906586,Buy Tag - name(ValueClick RTB 728x90) size(728x90) site(1237),RTB,3,0,0.12,3,0,,
2011-10-20,wgrwijbosb.com,Headway Digital (AEM),728x90,14898730,Buy Tag - name(aa_Headwaydigital_ROS_Latin America_9.19.11_728x90) size(728x90) site(1248),AEM,1,0,0.06,1,0,,
2011-10-20,rfgkvfknom.com,MediaMath (RTB),300x250,5695419,Buy Tag - name(MediaMath 300x250) size(300x250) site(1250),RTB,4,0,0.38,4,0,,
2011-10-20,itqmduyvkb.com,Quantcast (RTB),300x250,5697083,Buy Tag - name(Quantcast 300x250) size(300x250) site(1232),RTB,2,0,0.24,2,0,,
2011-10-20,axxiuzsydh.com,Quantcast (RTB),728x90,5697291,Buy Tag - name(Quancast 728x90) size(728x90) site(1237),RTB,2,0,0.99,2,0,,
2011-10-20,jeepknkhlv.com,DSNR (AEM),160x600,10186364,Buy Tag - name(aa_DSNR_WW_RevShare_7.5.11_160) size(160x600) site(1230),AEM,1,0,0.01,1,0,,
2011-10-20,msposrxshb.com,BurstDirect (AEM),728x90,4413069,Buy Tag - name(Burst_RON_USMulti_2.23.11_728x90) size(728x90) site(1242),AEM,2,0,0.15,2,0,,
2011-10-20,wgsdbvujia.com,DSNR (AEM),300x250,17429293,Buy Tag - name(DSNR_US_Social_9.4.11_300) size(300x250) site(1243),AEM,1,0,0.16,1,0,,
2011-10-20,wgsdbvujia.com,Criteo (RTB),728x90,4285630,Buy Tag - name(Criteo US 728x90) size(728x90) site(1243),RTB,1,0,0.22,1,0,,
2011-10-20,axgdgcwyco.com,Quantcast (RTB),728x90,5697326,Buy Tag - name(Quancast 728x90) size(728x90) site(1238),RTB,2,0,0.19,2,0,,
2011-10-20,ghhiegwcqz.com,Yahoo! Network (AEM),728x90,3085262,Buy Tag - name(yahoo_roam_12.23.10_728x90) size(728x90) site(1239),AEM,10,0,0.17,10,0,,
2011-10-20,xhgaeukjpk.com,RadiumOne (RTB),300x250,11203086,Buy Tag - name(RadiumOne 300x250) size(300x250) site(1240),RTB,2,0,1.17,2,0,,
2011-10-20,wgrwijbosb.com,Rocket Fuel (RTB),728x90,11819598,Buy Tag - name(Rocket Fuel 728x90) size(728x90) site(1248),RTB,1,0,0.18,1,0,,
2011-10-20,demo.com,Valueclick,728x90,6927,valueclick_sports_rev_728x90,Rev Share,0,0,0,1,0,,
2011-10-20,AEM,DSNR (AEM),300x250,9414143,Buy Tag - name(aa_DSNR_NL_RevShare_6.14.11_300) size(300x250) site(494),AEM,4,0,0.05,4,0,,
2011-10-20,itqmduyvkb.com,DSNR (AEM),300x250,10206623,Buy Tag - name(aa_DSNR_WW_RevShare_7.5.11_300) size(300x250) site(1232),AEM,9,0,0.01,9,0,,
2011-10-20,jhtayqlgcq.com,Quantcast (RTB),300x250,5696975,Buy Tag - name(Quantcast 300x250) size(300x250) site(1246),RTB,1,0,0.3,1,0,,
2011-10-20,dkchvzpvpi.com,BurstDirect (AEM),300x250,4411808,Buy Tag - name(Burst_RON_USMulti_2.23.11_300x250) size(300x250) site(1234),AEM,3,0,0.1,3,0,,
2011-10-20,rfgkvfknom.com,AppNexus (RTB),300x250,3313776,Buy Tag - name(AppNexus 300x250) size(300x250) site(1250),RTB,4,0,0.18,4,0,,
2011-10-20,wgrwijbosb.com,Matomy Media (AEM),728x90,16476432,Buy Tag - name(aa_Matomy_Global_Fixed_728) size(728x90) site(1248),AEM,1,0,0.03,1,0,,
2011-10-20,wgrwijbosb.com,ValueClick RTB (RTB),300x250,10905152,Buy Tag - name(ValueClick RTB 300x250) size(300x250) site(1248),RTB,14,0,0.17,14,0,,
2011-10-20,xhgaeukjpk.com,ValueClick RTB (RTB),728x90,10906304,Buy Tag - name(ValueClick RTB 728x90) size(728x90) site(1240),RTB,3,0,0.68,3,0,,
2011-10-20,jhtayqlgcq.com,CPM Only (AEM),728x90,14990545,Buy Tag - name(aa_CPMonly_US_RON_9.20.11_728) size(728x90) site(1246),AEM,1,0,0.11,1,0,,
2011-10-20,AEM,CPX Interactive (AEM),300x250,15132466,Buy Tag - name(cpx_norway roam_300) size(300x250) site(494),AEM,8,0,0.45,8,0,,
2011-10-20,itqmduyvkb.com,LucidMedia (RTB),728x90,3259826,Buy Tag - name(Lucid 728x90) size(728x90) site(1232),RTB,1,0,0.41,1,0,,
2011-10-20,itqmduyvkb.com,Meta Network (AEM),728x90,10843267,Buy Tag - name(aa_MetaNetwork_US_Fixed_7.18.11_728x90) size(728x90) site(1232),AEM,1,0,0.04,1,0,,
2011-10-20,rfgkvfknom.com,MediaMath (RTB),728x90,5695571,Buy Tag - name(MediaMath 728x90) size(728x90) site(1250),RTB,2,0,0.19,2,0,,
2011-10-20,demo.com,AdBrite2,728x90,16404,Yardbarker AdBrite 728x90_Rev Share TEST,Fixed,0,0,0,1,0,,
2011-10-20,AEMdemo,DSNR (AEM),728x90,9385140,Buy Tag - name(aa_DSNR_DE_RevShare_6.14.11_728) size(728x90) site(978),AEM,1,0,0.08,1,0,,
2011-10-20,msposrxshb.com,The Trade Desk (RTB),300x250,2851093,Buy Tag - name(Trade Desk 300x250) size(300x250) site(1242),RTB,2,0,0.26,2,0,,
2011-10-20,jeepknkhlv.com,Yahoo RTB (RTB),300x250,15451733,Buy Tag - name(Yahoo 300x250) size(300x250) site(1230),RTB,45,0.01,0.26,45,0,,
2011-10-20,dkchvzpvpi.com,Headway Digital (AEM),728x90,14914534,Buy Tag - name(aa_Headwaydigital_ROS_US_9.19.11_728x90) size(728x90) site(1234),AEM,2,0,0.07,2,0,,
2011-10-20,AEM,Matomy Media (AEM),300x250,17318247,Buy Tag - name(aa_Matomy_Tier1_RevShare_300) size(300x250) site(494),AEM,2,0,0.03,2,0,,
2011-10-20,AEM,CPX Interactive (AEM),300x250,11281528,Buy Tag - name(cpx_Philippines_roam_300x250) size(300x250) site(494),AEM,2,0,0.1,2,0,,
2011-10-20,gomez,The Trade Desk (RTB),300x250,2851080,Buy Tag - name(Trade Desk 300x250) size(300x250) site(427),RTB,4,0,0.24,4,0,,
2011-10-20,jeepknkhlv.com,Yahoo! Network (AEM),300x250,3085561,Buy Tag - name(yahoo_roam_12.23.10_300x250) size(300x250) site(1230),AEM,17,0,0.12,17,0,,
2011-10-20,dkchvzpvpi.com,BurstDirect (AEM),728x90,4413290,Buy Tag - name(Burst_RON_USMulti_2.23.11_728x90) size(728x90) site(1234),AEM,2,0,0.15,2,0,,
2011-10-20,AEM,Darriens network (AEM),160x600,13359162,Buy Tag - name(aa_Darriens_ES_RS_160) size(160x600) site(494),AEM,5,0,0.1,5,0,,
2011-10-20,ghhiegwcqz.com,ValueClick RTB (RTB),300x250,10904970,Buy Tag - name(ValueClick RTB 300x250) size(300x250) site(1239),RTB,11,0,0.2,11,0,,
2011-10-20,wgsdbvujia.com,DataXu (RTB),300x250,4667226,Buy Tag - name(DataXu 300x250) size(300x250) site(1243),RTB,1,0,0.18,1,0,,
2011-10-20,allison_test,24/7 Real Media (test),300x250,7182460,24/7 Real Media allison_test 300x250 allison_tag1 Fixed,Fixed,0,0,0,12,0,,
2011-10-20,dkchvzpvpi.com,Yahoo RTB (RTB),300x250,15454620,Buy Tag - name(Yahoo 300x250) size(300x250) site(1234),RTB,33,0.01,0.3,33,0,,
2011-10-20,vuyajsbxxe.com,Rocket Fuel (RTB),728x90,11820652,Buy Tag - name(Rocket Fuel 728x90) size(728x90) site(1231),RTB,2,0,0.24,2,0,,
2011-10-20,ghhiegwcqz.com,ZAP Trader (RTB),300x250,17173116,Buy Tag - name(ZAP Trader 300x250) size(300x250) site(1239),RTB,2,0,0.46,2,0,,
2011-10-20,AEM,DSNR (AEM),728x90,9383549,Buy Tag - name(aa_DSNR_DE_RevShare_6.14.11_728) size(728x90) site(494),AEM,28,0,0.08,28,0,,
2011-10-20,jhtayqlgcq.com,MediaMath (RTB),300x250,5695325,Buy Tag - name(MediaMath 300x250) size(300x250) site(1246),RTB,2,0,0.21,2,0,,
2011-10-20,jeepknkhlv.com,Yahoo RTB (RTB),160x600,15452189,Buy Tag - name(Yahoo 160x600) size(160x600) site(1230),RTB,1,0,0.18,1,0,,
2011-10-20,axgdgcwyco.com,AppNexus (RTB),728x90,3313582,Buy Tag - name(AppNexus 728x90) size(728x90) site(1238),RTB,1,0,0.18,1,0,,
2011-10-20,itqmduyvkb.com,Yahoo! Network (AEM),728x90,3085263,Buy Tag - name(yahoo_roam_12.23.10_728x90) size(728x90) site(1232),AEM,3,0,0.09,3,0,,
2011-10-20,itqmduyvkb.com,Adorika AEM (AEM),728x90,13464944,Buy Tag - name(aa_Adorika_RevShare_RON2_9.1.11_728) size(728x90) site(1232),AEM,1,0,0.01,1,0,,
2011-10-20,msposrxshb.com,ZAP Trader (RTB),300x250,17174000,Buy Tag - name(ZAP Trader 300x250) size(300x250) site(1242),RTB,1,0,0.24,1,0,,
2011-10-20,axxiuzsydh.com,MediaMath (RTB),728x90,5695585,Buy Tag - name(MediaMath 728x90) size(728x90) site(1237),RTB,4,0,0.21,4,0,,
2011-10-20,msposrxshb.com,CPM Only (AEM),728x90,14988674,Buy Tag - name(aa_CPMonly_US_RON_9.20.11_728) size(728x90) site(1242),AEM,7,0,0.14,7,0,,
2011-10-20,xhgaeukjpk.com,LucidMedia (RTB),300x250,3259762,Buy Tag - name(Lucid 300x250) size(300x250) site(1240),RTB,5,0,0.16,5,0,,
2011-10-20,AEM,Microsoft Media ES (AEM),160x600,2899298,Buy Tag - name(aa_Microsoft ES RON 12.16.2010) size(160x600) site(494),AEM,69,0.03,0.48,69,0,,
2011-10-20,gomez,ValueClick RTB (RTB),300x250,10905634,Buy Tag - name(ValueClick RTB 300x250) size(300x250) site(427),RTB,290,0.04,0.13,290,0,,
2011-10-20,ghhiegwcqz.com,Rocket Fuel (RTB),300x250,11816674,Buy Tag - name(Rocket Fuel 300x250) size(300x250) site(1239),RTB,4,0,0.19,4,0,,
2011-10-20,gomez,AppNexus (RTB),300x250,390675,Buy Tag - name(AppNexus 300x250) size(300x250) site(427),RTB,417,0.14,0.34,417,0,,
2011-10-20,dkchvzpvpi.com,ValueClick RTB (RTB),728x90,10907155,Buy Tag - name(ValueClick RTB 728x90) size(728x90) site(1234),RTB,2,0,0.17,2,0,,
2011-10-20,dkchvzpvpi.com,AppNexus (RTB),300x250,3313764,Buy Tag - name(AppNexus 300x250) size(300x250) site(1234),RTB,1,0,0.18,1,0,,
2011-10-20,wgrwijbosb.com,Banner Connect (AEM),300x250,16844580,Buy Tag - name(aa_BannerConnect_US_APNBackfill_300x250) size(300x250) site(1248),AEM,1,0,0.04,1,0,,
2011-10-20,gomez,Quantcast (RTB),300x250,1886676,Buy Tag - name(Quantcast 300x250) size(300x250) site(427),RTB,1,0,0.04,1,0,,
2011-10-20,AEM,AdTiger (AEM),300x250,5559956,Buy Tag - name(aa_AdTiger_revshare_AT_300x250) size(300x250) site(494),AEM,1,0,0.06,1,0,,
2011-10-20,axgdgcwyco.com,ValueClick RTB (RTB),300x250,10904581,Buy Tag - name(ValueClick RTB 300x250) size(300x250) site(1238),RTB,13,0,0.25,13,0,,
2011-10-20,xhgaeukjpk.com,Plexious (AEM),300x250,17177237,Buy Tag - name(aa_Plexious_RON_10.14.11_300) size(300x250) site(1240),AEM,1,0,0.12,1,0,,
2011-10-20,jhtayqlgcq.com,MediaMath (RTB),728x90,5695494,Buy Tag - name(MediaMath 728x90) size(728x90) site(1246),RTB,1,0,0.18,1,0,,
2011-10-20,vuyajsbxxe.com,Yahoo RTB (RTB),300x250,15457974,Buy Tag - name(Yahoo 300x250) size(300x250) site(1231),RTB,4,0,0.31,4,0,,
2011-10-20,ghhiegwcqz.com,Invite 2.0 (RTB),300x250,10343254,Buy Tag - name(Invite 2.0 300x250) size(300x250) site(1239),RTB,1,0,0.2,1,0,,
2011-10-20,axxiuzsydh.com,Quantcast (RTB),300x250,5697015,Buy Tag - name(Quantcast 300x250) size(300x250) site(1237),RTB,4,0,0.9,4,0,,
2011-10-20,xhgaeukjpk.com,Yahoo! Network (AEM),300x250,3085575,Buy Tag - name(yahoo_roam_12.23.10_300x250) size(300x250) site(1240),AEM,10,0,0.13,10,0,,
2011-10-20,wgrwijbosb.com,CPM Only (AEM),300x250,14933528,Buy Tag - name(aa_CPMonly_US_RON_9.20.11_300) size(300x250) site(1248),AEM,13,0,0.12,13,0,,
2011-10-20,xhgaeukjpk.com,Yahoo RTB (RTB),300x250,15452696,Buy Tag - name(Yahoo 300x250) size(300x250) site(1240),RTB,57,0.05,0.83,57,0,,
2011-10-20,xhgaeukjpk.com,Rocket Fuel (RTB),728x90,11818520,Buy Tag - name(Rocket Fuel 728x90) size(728x90) site(1240),RTB,5,0,0.43,5,0,,
2011-10-20,wgsdbvujia.com,Quantcast (RTB),728x90,5697145,Buy Tag - name(Quancast 728x90) size(728x90) site(1243),RTB,3,0,0.96,3,0,,
2011-10-20,vuyajsbxxe.com,Yahoo RTB (RTB),728x90,15453801,Buy Tag - name(Yahoo 728x90) size(728x90) site(1231),RTB,3,0,0.33,3,0,,
2011-10-20,AEM,Darriens network (AEM),160x600,13331129,Buy Tag - name(aa_Darriens_US_RS_160) size(160x600) site(494),AEM,27065,1.62,0.06,27065,0,,
2011-10-20,ghhiegwcqz.com,MediaMath (RTB),728x90,5695546,Buy Tag - name(MediaMath 728x90) size(728x90) site(1239),RTB,1,0,0.18,1,0,,
2011-10-20,jeepknkhlv.com,CPX Interactive (AEM),300x250,13195883,Buy Tag - name(aa_CPX_global_catchall_300x250) size(300x250) site(1230),AEM,2,0,0.04,2,0,,
2011-10-20,itqmduyvkb.com,Headway Digital (AEM),300x250,14912715,Buy Tag - name(aa_Headwaydigital_ROS_US_9.19.11_300x250) size(300x250) site(1232),AEM,1,0,0.03,1,0,,
2011-10-20,dkchvzpvpi.com,Banner Connect (AEM),300x250,16828219,Buy Tag - name(aa_BannerConnect_DE_APNBackfill_300x250) size(300x250) site(1234),AEM,5,0,0.11,5,0,,
2011-10-20,msposrxshb.com,Quantcast (RTB),728x90,5697276,Buy Tag - name(Quancast 728x90) size(728x90) site(1242),RTB,2,0,0.95,2,0,,
2011-10-20,dkchvzpvpi.com,LucidMedia (RTB),300x250,3259756,Buy Tag - name(Lucid 300x250) size(300x250) site(1234),RTB,1,0,0.23,1,0,,
2011-10-20,AEM,AdTiger (AEM),160x600,5563532,Buy Tag - name(aa_AdTiger_revshare_AT_160x600) size(160x600) site(494),AEM,8,0,0.06,8,0,,
2011-10-20,ktflbecrqr.com,ValueClick RTB (RTB),160x600,10902684,Buy Tag - name(ValueClick RTB 160x600) size(160x600) site(1241),RTB,2,0,0.2,2,0,,
2011-10-20,msposrxshb.com,CPM Only (AEM),300x250,14933932,Buy Tag - name(aa_CPMonly_US_RON_9.20.11_300) size(300x250) site(1242),AEM,9,0,0.14,9,0,,
2011-10-20,AEM,CPX Interactive (AEM),728x90,10670829,Buy Tag - name(cpx_MiddleEast_roam_728x90) size(728x90) site(494),AEM,19,0,0.15,19,0,,
2011-10-20,AEMdemo,Microsoft Media ES (AEM),160x600,2899741,Buy Tag - name(aa_Microsoft ES RON 12.16.2010) size(160x600) site(978),AEM,5,0,0.48,5,0,,
2011-10-20,ghhiegwcqz.com,DataXu (RTB),300x250,4667182,Buy Tag - name(DataXu 300x250) size(300x250) site(1239),RTB,1,0,0.29,1,0,,
2011-10-20,itqmduyvkb.com,Yahoo RTB (RTB),300x250,15457039,Buy Tag - name(Yahoo 300x250) size(300x250) site(1232),RTB,8,0,0.33,8,0,,
2011-10-20,ghhiegwcqz.com,AppNexus (RTB),728x90,3313583,Buy Tag - name(AppNexus 728x90) size(728x90) site(1239),RTB,1,0,0.18,1,0,,
2011-10-20,AEM,Microsoft France (AEM),160x600,17469088,Buy Tag - name(MicrosoftFR_ROW_160x600) size(160x600) site(494),AEM,16,0,0.22,16,0,,
2011-10-20,allison_test,DSNR (AEM),728x90,10194912,Buy Tag - name(aa_DSNR_WW_RevShare_7.5.11_728) size(728x90) site(1980),AEM,15,0,0.01,15,0,,
2011-10-20,AEM,DSNR (AEM),160x600,9381281,Buy Tag - name(aa_DSNR_DE_RevShare_6.14.11_160) size(160x600) site(494),AEM,112,0.01,0.08,112,0,,
2011-10-20,xhgaeukjpk.com,Criteo (RTB),300x250,4285762,Buy Tag - name(Criteo US 300x250) size(300x250) site(1240),RTB,5,0.01,1.37,5,0,,
2011-10-20,ktflbecrqr.com,LucidMedia (RTB),300x250,3259763,Buy Tag - name(Lucid 300x250) size(300x250) site(1241),RTB,1,0,0.94,1,0,,
2011-10-20,dkchvzpvpi.com,Dotomi (RTB),300x250,5697412,Buy Tag - name(Dotomi 300x250) size(300x250) site(1234),RTB,4,0,0.81,4,0,,
2011-10-20,AEM,Microsoft France (AEM),160x600,6833092,Buy Tag - name(aa_MicrosoftFR_6040_160x600) size(160x600) site(494),AEM,4,0,0.51,4,0,,
2011-10-20,jhtayqlgcq.com,Headway Digital (AEM),728x90,14918917,Buy Tag - name(aa_Headwaydigital_ROS_US_9.19.11_728x90) size(728x90) site(1246),AEM,1,0,0.06,1,0,,
2011-10-20,dkchvzpvpi.com,AdBlade (AEM),300x250,15188550,Buy Tag - name(Adblade_HoverTarget_300x250) size(300x250) site(1234),AEM,2,0,0.1,2,0,,
2011-10-20,xhgaeukjpk.com,MediaMath (RTB),300x250,5695287,Buy Tag - name(MediaMath 300x250) size(300x250) site(1240),RTB,4,0,0.69,4,0,,
2011-10-20,rfgkvfknom.com,Yahoo RTB (RTB),300x250,15458423,Buy Tag - name(Yahoo 300x250) size(300x250) site(1250),RTB,10,0,0.32,10,0,,
2011-10-20,allison_test,24/7 Real Media (test),160x600,7182487,24/7 Real Media allison_test 160x600 allison_tag6 Fixed,Fixed,0,0,0,11,0,,
2011-10-20,ktflbecrqr.com,Yahoo! Network (AEM),300x250,3085576,Buy Tag - name(yahoo_roam_12.23.10_300x250) size(300x250) site(1241),AEM,1,0,0.07,1,0,,
2011-10-20,ghhiegwcqz.com,Headway Digital (AEM),300x250,14911832,Buy Tag - name(aa_Headwaydigital_ROS_US_9.19.11_300x250) size(300x250) site(1239),AEM,2,0,0.07,2,0,,
2011-10-20,jhtayqlgcq.com,DataXu (RTB),300x250,4667130,Buy Tag - name(DataXu 300x250) size(300x250) site(1246),RTB,1,0,0.23,1,0,,
2011-10-20,axgdgcwyco.com,Headway Digital (AEM),300x250,14894490,Buy Tag - name(aa_Headwaydigital_ROS_Latin America_9.19.11_300x250) size(300x250) site(1238),AEM,1,0,0.06,1,0,,
2011-10-20,ghhiegwcqz.com,DSNR (AEM),300x250,10206170,Buy Tag - name(aa_DSNR_WW_RevShare_7.5.11_300) size(300x250) site(1239),AEM,2,0,0.01,2,0,,
